country_code,country,year,nominal_house_price_index,real_house_price_index,rent_price_index,price_to_income_ratio,price_to_rent_ratio,nominal_price_yoy_growth_pct,real_price_yoy_growth_pct,rent_yoy_growth_pct,nominal_price_total_growth_pct,rent_total_growth_pct,average_annual_wage,household_disposable_income,interest_rate,population,housing_pressure,true_affordability,financing_pressure,population_growth,demand_pressure
AUT,Austria,2010,77.3225,85.9760978561309,82.808831131987,82.8703140284752,93.3682945334745,,,,0.0,0.0,36382.634,25697.2306126967,3.22638333333333,8357367.0,0.002125258440606582,332.33833118040286,249.47202529166643,,
AUT,Austria,2011,81.4725,87.8553815069639,85.5564717502062,86.4355374718483,95.2191277537044,5.367131171392536,2.185821056891535,3.3180526529106524,5.367131171392536,3.3180526529106524,37127.955,26186.9479754119,3.31965833333333,8384901.0,0.002194370791496596,321.4206999344797,270.4608635624997,0.32945783043869525,-5.037673340953841
AUT,Austria,2012,86.8625,91.5441497303911,89.3258500983163,88.2776401178743,97.2420136147422,6.615729233790546,4.198682152595068,4.4057197205552345,12.337935271104785,7.869956473533568,38215.019,27163.4831825272,2.371175,8420328.0,0.0022729937671887588,312.7181831345771,205.9661884375,0.4225094607557045,-6.1932197730348415
AUT,Austria,2013,91.195,94.2042793374711,92.1010982227472,93.843900010539,99.0165654560947,4.987768024176131,2.9058433716566467,3.106881290663721,17.941090885576628,11.221347969456865,39035.153,27214.7808642145,2.01075833333333,8472176.0,0.0023362275536616957,298.42404588206045,183.371106208333,0.6157479851141234,-4.372020039062008
AUT,Austria,2014,94.675,95.9712739229985,95.7600140460032,95.7408260198107,98.8675767990999,3.8159986841383997,1.8757052205637503,3.9727168229925836,22.44172136182869,15.639857170998608,39974.325,27687.5071126798,1.48729166666667,8538350.0,0.0023683952136777796,292.4479230280412,140.809338541667,0.7810744252716217,-3.034924258866778
AUT,Austria,2015,100.0,100.0,100.0,100.0,100.0,5.624504885133352,4.197845784806287,4.42772068930557,29.32846196126613,20.76006705204232,40847.443,27843.1469906627,0.747041666666667,8618709.0,0.0024481336567383177,278.431469906627,74.70416666666671,0.9411537357920441,-4.683351149341308
AUT,Austria,2016,106.705,105.264721328673,103.082848193641,103.761194927533,103.51110444832,6.705000000000005,5.264721328672994,3.082848193640997,37.999935335769,24.482916597795867,41836.305,29236.5326842627,0.375383333333334,8737663.0,0.0025505359519680335,273.99402731139776,40.055278583333404,1.380183505441468,-5.3248164945585374
AUT,Austria,2017,112.135,108.565296784429,107.340474151607,106.75644103902,104.469992729461,5.088796213860647,3.1355001125690007,4.130295226193259,45.02247082026576,29.624428559460767,42570.936,29669.2935478344,0.583283333333333,8790624.0,0.0026340741016359142,264.58548667083784,65.4064765833333,0.606123170463313,-4.482673043397334
AUT,Austria,2018,118.83,112.616958614796,111.331500049588,109.720564968599,106.727747655722,5.970482008293576,3.732004563495206,3.7180997471131905,53.681011348572525,34.443994109927004,43587.122,30955.2644647497,0.686158333333334,8833192.0,0.002726263963929529,260.5004162648296,81.53619475000008,0.4842432118584483,-5.486238796435128
AUT,Austria,2019,125.9675,117.317829764361,114.639250793831,114.615839015516,109.873115579372,6.006479845156942,4.174212487520834,2.971082526301805,62.91183032105789,38.43843612658926,44719.413,32303.4885728736,0.0629333333333333,8872344.0,0.0028168415359119316,256.4430394575871,7.927554666666662,0.44323728047572786,-5.5632425646812145
AUT,Austria,2020,135.515,124.946427303194,119.344851852592,123.458934523398,113.539677750649,7.579335939825738,6.502504823141919,4.104703254929354,75.25946522680975,44.12092312035068,45392.519,33227.8687007825,-0.22485,8912293.0,0.0029854038283268656,245.1969796759215,-30.470547749999998,0.4502643269918227,-7.129071612833915
AUT,Austria,2021,151.015,136.599303665872,121.702277383012,132.444165961025,124.145763864591,11.437848208685386,9.326298169695724,1.9753055903339423,95.305376830806,46.96775177158783,47067.573,36068.9177746048,-0.0853833333333335,8945279.0,0.0032084722107936178,238.84327897629245,-12.894164083333358,0.3701179932033227,-11.067730215482063
AUT,Austria,2022,168.4925,141.529062291178,122.716877611297,135.391687626755,137.324672999958,11.573353640366868,3.6089192938819403,0.8336739871283694,117.90875877008632,48.192983687574966,49366.439,41420.1721980716,1.71115,9058407.0,0.00341309811712366,245.82798758444204,288.315941375,1.2646670942292548,-10.308686546137613
AUT,Austria,2023,163.68,127.114416480229,132.345679777778,123.52429181113,123.777879426188,-2.856210217071975,-10.18493698579922,7.846355247873915,111.6848265382004,59.82073164012591,53243.643,43922.8492109943,3.082675,9125730.0,0.003074169812159548,268.34585295084497,504.572244,0.7432101472146346,3.5994203642866096
AUT,Austria,2024,163.059999997,122.587394810601,141.168731762965,114.681995881087,115.514314042399,-0.37878788062072344,-3.5613754875176706,6.6666717039814305,110.88299007016067,70.47545513347428,56968.032,46831.2354222379,2.84270833333334,9174908.0,0.002862307056648894,287.2024740776371,463.5320208248063,0.5388938747913796,0.9176817554121031
FRA,France,2010,100.575,104.82519736138,94.1652954376028,103.740266956699,106.800779196268,,,,0.0,0.0,33975.948,22464.1953248111,3.11570833333334,64773169.0,0.0029601823030809917,223.357646779131,313.3623656250007,,
FRA,France,2011,106.55,109.077594920031,95.2808478539363,108.144476932417,111.825371907673,5.940840169028072,4.056655904964379,1.1846746841809752,5.940840169028072,1.1846746841809752,34538.411,23234.6401052795,3.32014166666667,65087317.0,0.0030849711065167413,218.06325767507744,353.76109458333366,0.48499711354248465,-5.4558430554855875
FRA,France,2012,105.975,107.065348949582,96.7859277410553,106.892211599346,109.499620235951,-0.5396527451900557,-1.8447839557924395,1.5796247840135447,5.369127516778516,2.7830128831157763,35258.26,23283.5518888054,2.535725,65402998.0,0.003005678669338759,219.7079678113272,268.72345687499995,0.48501154226405774,1.0246642874541134
FRA,France,2013,103.8,104.199377684997,98.3385526246084,105.526243602379,105.556579014306,-2.0523708421797515,-2.6768429680592676,1.6041845336308036,3.2065622669649407,4.431842078986459,35807.08,23783.6282084979,2.20434166666667,65735961.0,0.002898868045090524,229.1293661705,228.81066500000037,0.5090943996175934,2.561465241797345
FRA,France,2014,101.925,102.181026158319,99.3571800482114,102.703416573164,102.586537729012,-1.8063583815028927,-1.9370091947954249,1.0358373154946143,1.342281879194629,5.51358606849901,36095.438,24058.5929925644,1.66691666666667,66276671.0,0.002823764044641874,236.04211913234636,169.90048125000033,0.822548254828126,2.6289066363310187
FRA,France,2015,100.0,100.0,100.0,100.0,100.0,-1.8886436104979087,-2.1344727493142646,0.6469788609908989,-0.5717126522495675,6.196236665835642,36539.05,23898.3772059061,0.840825,66512558.0,0.0027367980284107,238.983772059061,84.08250000000001,0.35591256537310656,2.2445561758710153
FRA,France,2016,100.925,100.706237654967,100.326417475519,99.6042202775027,100.595957411775,0.924999999999998,0.7062376549670013,0.326417475519003,0.3479990057171145,6.542879740656438,37049.283,24924.9379154554,0.467558333333334,66688563.0,0.0027240743093462833,246.9649533361942,47.18832479166674,0.26461920168519004,-0.660380798314808
FRA,France,2017,103.975,102.954682851984,100.515717461321,100.55374762374,103.440430881368,3.0220460738171973,2.232677189987453,0.18868408796537395,3.380561769823509,6.743909201587139,37866.654,25436.327661389,0.809316666666667,66883314.0,0.002745819580467817,244.63888109054102,84.1487004166667,0.29203058401483517,-2.730015489802362
FRA,France,2018,107.125,104.085405330837,100.25146498114,101.33858448912,106.861083794466,3.02957441692715,1.098272023700586,-0.2628966761170304,6.512552821277651,6.463283012338783,38454.07,26257.1585330353,0.783808333333334,67125071.0,0.0027857909448856777,245.10766425237153,83.9654677083334,0.361460857038276,-2.668113559888874
FRA,France,2019,110.65,106.646445218622,100.670217449733,101.797456175793,109.910276028575,3.2905484247374606,2.4605177638927334,0.4177020941008358,10.017399950285856,6.907982374929844,39152.329,28146.378960002,0.130283333333333,67349922.0,0.002826140942981962,254.37305883417983,14.415850833333298,0.3349732024864549,-2.9555752222510057
FRA,France,2020,116.8,111.573621510561,101.057942420654,106.964183660416,115.574768092138,5.558065973791226,4.620103634807915,0.38514367083253287,16.132239622172495,7.319731702661647,37604.556,28877.5207135287,-0.144575,67569466.0,0.003106006623240014,247.239047204869,-16.88636,0.3259751362443941,-5.232090837546832
FRA,France,2021,124.575,117.42559006839,101.917492356188,109.448844524361,122.22641521769,6.6566780821917915,5.244939151925876,0.8505515894595694,23.8627889634601,8.232541386462366,39663.268,30167.6571699568,0.0079416666666662,67878650.0,0.00314081532565597,242.16461705765042,0.9893331249999419,0.45757946348132794,-6.1990986187104635
FRA,France,2022,132.425,119.076402253871,102.60506730462,111.07521322083,129.059427708814,6.301424844471204,1.4058368235744467,0.6746388009911009,31.66790952025853,8.962720105954203,41705.545,33737.7298976999,1.70080833333334,68153150.0,0.0031752372496271185,254.76858521955748,225.22954354166757,0.4043981428623056,-5.897026701608898
FRA,France,2023,131.55,110.667989929498,104.78679214099,102.150216225912,125.555133253761,-0.6607513686992639,-7.061359064616557,2.1263324450563115,30.79791200596571,11.279629776583011,43593.079,37582.228371007,2.99495833333333,68341348.0,0.003017680857092017,285.68778693277835,393.98676874999956,0.27613984093177724,0.9368912096310411
FRA,France,2024,126.225,103.878510091195,107.239166957062,93.4036999225165,117.710993067072,-4.04789053591792,-6.13499878567263,2.340347257479114,25.503355704697974,13.88395954019217,44908.538,39420.8018012013,2.97551666666667,68521113.0,0.0028107127424188247,312.3058173990992,375.5845912500004,0.263039880337157,4.310930416255077
FRA,France,2025,127.025,103.845668691195,109.727216770549,93.4222656927075,115.7687631122,0.6337888690829852,-0.03161520122993977,2.3200943126341356,26.298782003479992,16.526174808486726,,,3.2373920995671,,,,411.2297314475109,,
DEU,Germany,2010,83.8712096780244,89.667189474751,93.7872699999999,93.4756464659396,89.4298198029436,,,,0.0,0.0,33101.11,24926.6378058108,2.74426737875651,81776936.0,0.0025337884342254502,297.2013626785924,230.16502473624965,,
DEU,Germany,2011,86.8222170555428,90.9815651812721,94.9516974999999,93.8084239460803,91.4410173279127,3.5184986467312163,1.4658379661729226,1.2415624209980658,3.5184986467312163,1.2415624209980658,34366.321,26424.8594094843,2.60918499146417,80274981.0,0.0025263750826148303,304.3559621678345,226.5352256669667,-1.8366486609378452,-5.355147307669061
DEU,Germany,2012,89.7977244943114,92.6725439701043,96.084865,95.1386884193145,93.4559988916502,3.4271267651056148,1.85859496422498,1.1934146832921044,7.066208820688846,2.449794092524593,35305.127,26985.0463868396,1.49513021099502,80425826.0,0.002543475470129633,300.50924495919804,134.25929077005247,0.18791035279099866,-3.239216412314616
DEU,Germany,2013,92.5982314955789,94.0934959275103,97.3508874999999,97.0301542246202,95.1202714037639,3.1186837050029226,1.5333041443908124,1.317608657721392,10.405265228744076,3.7996814493054254,36131.942,27480.4822984599,1.57140800604388,80645605.0,0.002562780364686152,296.7711354160361,145.50960231765725,0.273269185945324,-2.8454145190575986
DEU,Germany,2014,95.4989887474721,95.9971590768333,98.8044674999999,97.6931449917702,96.655619259215,3.132627054580084,2.0231612510067443,1.4931348211900008,13.863850436980597,5.349550637309308,37069.494,28424.3239121811,1.16347229074002,80982495.0,0.002576215061027596,297.64005132393095,111.11042720137675,0.4177413015873599,-2.714885752992724
DEU,Germany,2015,100.0,100.0,100.0,100.0,100.0,4.713150695689494,4.169749356814756,1.2099984244134498,19.23042529598997,6.624278540147399,38130.185,28621.5146655891,0.49519367547657,81686608.0,0.002622594146868157,286.215146655891,49.519367547657,0.8694632093022125,-3.8436874863872816
DEU,Germany,2016,107.527268818172,106.749865844791,101.133325,105.065735653773,106.319254593588,7.527268818172006,6.749865844791003,1.1333250000000072,28.205219921068903,7.83267814491253,38988.114,30246.5082874666,0.0914991922328881,82348669.0,0.0027579499951747347,281.29151442145593,9.838658239871355,0.810489033894024,-6.716779784277982
DEU,Germany,2017,114.103785259463,111.41234689135,102.53335,107.941592000982,111.281481212541,6.116138272247795,4.367669232800742,1.3843359743190398,36.046428443680846,9.325444700544216,39992.368,31570.8974904355,0.316336113807796,82657000.0,0.002853139010409761,276.68580335565355,36.095147999737804,0.37442135221397166,-5.741716920033824
DEU,Germany,2018,121.680804202011,116.840837655746,104.058325,110.815713841308,116.932833163338,6.640462387219204,4.872431930448329,1.4872965722859899,45.080540353638575,10.951438292211837,41148.957,33615.1802446285,0.396363981890517,82905788.0,0.002957081128496428,276.25705192432434,48.22988807314944,0.3009884220332326,-6.339473965185971
DEU,Germany,2019,128.707321768305,121.84152373817,105.558325,114.474061936798,121.926145887549,5.774548921150102,4.279912899253402,1.4414992745654942,53.45828713142835,12.550802470314038,42383.223,35351.7793839047,-0.253634457795785,83092956.0,0.0030367516356249033,274.66797458146084,-32.64461177105167,0.22575987095134753,-5.548789050198755
DEU,Germany,2020,138.684846712117,130.561431307573,107.04225,123.095477944226,129.555040215819,7.752103615187678,7.1567617523739635,1.4057868008042096,65.35453255594888,14.133026795640925,42341.256,36071.5163052037,-0.511024005583788,83160871.0,0.00327540700994125,260.09702689495134,-70.87128588059967,0.08173376332887283,-7.670369851858805
DEU,Germany,2021,154.739386848467,141.06659202458,108.505175,133.122095917368,142.59484296635,11.576275647242218,8.046143958286756,1.366679979167107,84.49642903983441,15.692860022474363,43638.923,37802.9092037468,-0.373821169772257,83196077.5,0.003545902974013978,244.3004975893202,-57.844858601535734,0.042335415173799795,-11.533940232068417
DEU,Germany,2022,164.116660291651,140.289771154397,110.35165,130.598285379395,148.742548071045,6.060043040216345,-0.5506767116395972,1.7017391106000312,95.67699204731058,17.661650669648576,45484.278,42501.3770918378,1.14258298496571,83177812.5,0.0036082063409174263,258.9705214346233,187.516903598638,-0.02195416003837325,-6.081997200254719
DEU,Germany,2023,150.28787571969,120.389571041103,112.599525,113.589201059907,133.494599451686,-8.426191800019522,-14.185068483284269,2.0370107741932264,79.18887338889525,20.058431170882905,48289.861,45926.6267519884,2.43459870594911,83287273.0,0.0031122035269409865,305.59103009512637,365.89066774699796,0.13159819513166582,8.557789995151188
DEU,Germany,2024,147.9871199678,115.781692762819,115.03475,107.844944773763,128.648436433119,-1.5308991100394964,-3.8274729600214163,2.162731148288599,76.44567252089485,22.654972257962203,50256.9,47685.3791601533,2.32108411234499,83516592.5,0.0029446129778756746,322.2265503276839,343.49055298895263,0.27533558458565643,1.8062346946251528
DEU,Germany,2025,152.688381718502,116.486075776185,117.461049999971,107.938816865295,129.99496038804,3.1768046784915738,0.6083716661570593,2.1091887451148317,82.05100690053455,25.24199712815087,,,2.46588041125541,,,,376.5112895059427,,
ITA,Italy,2010,118.1,126.699166155063,95.2257865725463,118.963048256096,124.019906826481,,,,0.0,0.0,27804.507,22686.2827126232,4.03583333333334,59819402.0,0.004247512822291724,192.0938417664962,476.6319166666674,,
ITA,Italy,2011,119.7,124.802269625974,96.7621620843307,118.114491989022,123.707121168255,1.3547840812870415,-1.4971657562192986,1.6134028051466132,1.3547840812870415,1.6134028051466132,28159.428,23180.2719286049,5.42283333333333,60026844.0,0.004250796571578087,193.65306540187885,649.1131499999996,0.3467804643048744,-1.0080036169821671
ITA,Italy,2012,116.65,118.426629903259,98.8731044755048,119.401685963277,117.994665784419,-2.548036758563077,-5.108592769845033,2.181578362557013,-1.2277730736663717,3.830178814201601,27981.717,22186.0622250264,5.49275,60191243.0,0.0041687935018426495,190.1934181313879,640.7292875,0.2738758012998277,2.8219125598629047
ITA,Italy,2013,109.1,109.529399896196,100.17460113667,111.567119201379,108.912164434298,-6.4723531933133405,-7.512862617412164,1.3163303287272,-7.620660457239625,5.196926948304625,28385.833,22469.5892238613,4.31641666666667,60311616.0,0.0038434665630562963,205.95407171275255,470.92105833333363,0.19998424023242034,6.672337433545761
ITA,Italy,2014,103.95,104.100486478908,99.8650932115992,105.470486923937,104.090876110452,-4.720439963336376,-4.956580993261294,-0.30896846262311595,-11.981371718882292,4.871901620385688,28565.921,22476.7473047421,2.89316666666666,60320708.0,0.003638951462478665,216.2265252981443,300.7446749999993,0.015075039607626017,4.735515002944002
ITA,Italy,2015,100.0,100.0,100.0,100.0,100.0,-3.7999037999038032,-3.9389695645070777,0.13508903267627215,-15.325994919559694,5.013572057833882,28857.865,22707.0666236993,1.71391666666667,60229599.0,0.0034652598173842727,227.070666236993,171.39166666666702,-0.1510409990545858,3.6488628008492174
ITA,Italy,2016,100.25,99.7309442316483,100.300361151325,98.7343320121169,99.949749960284,0.24999999999999467,-0.2690557683517003,0.3003611513250126,-15.114309906858592,5.328992031914304,29120.065,24284.7208467397,1.48633333333333,60115220.0,0.003442643414429192,242.24160445625634,149.00491666666633,-0.1899049668253605,-0.4399049668253552
ITA,Italy,2017,99.1749999999999,97.3497752293067,100.500345272586,95.367807653978,98.6815236656898,-1.07231920199512,-2.3875929589223355,0.19938524544220737,-16.024555461473412,5.539002501198942,29243.146,25126.1328995091,2.113,60002254.0,0.003391392978033208,253.35147869431938,209.5567749999998,-0.1879158056811603,0.8844033963139597
ITA,Italy,2018,98.6249999999999,95.5382960481508,100.883639838997,93.2578330783052,97.7614630847146,-0.5545752457776665,-1.8607944156922573,0.3813863179985999,-16.49026248941583,5.94151381689072,29554.96,26071.5681744759,2.61033333333333,59877216.0,0.003337003332097215,264.3505011353706,257.4441249999994,-0.2083888381926413,0.34618640758502517
ITA,Italy,2019,98.5249999999999,94.5929724566766,101.158618005731,92.2623620656087,97.3963384291272,-0.10139416983523386,-0.9894708515606698,0.2725696328689686,-16.574936494496264,6.230278212157225,29877.635,27735.3873028427,1.9515,59729077.0,0.0032976170972033067,281.50608782382875,192.27153749999982,-0.24740462215210313,-0.14601045231686927
ITA,Italy,2020,100.4,96.1396898598098,101.400273818259,96.0157013551393,99.0135464885824,1.903070286729358,1.6351292944532414,0.23888801299589701,-14.987298899237922,6.48404961297826,28485.115,27597.9951536661,1.16816666666667,59438845.0,0.0035246478731084637,274.8804298173914,117.28393333333366,-0.48591408837608263,-2.3889843751054407
ITA,Italy,2021,102.95,97.1699873010025,101.441945509527,93.3216673065231,101.48545103532,2.539840637450186,1.071667115522268,0.04109623149803898,-12.8281117696867,6.527810544515722,30247.202,29693.0908612082,0.810916666666668,59133173.0,0.003403620605965471,288.42244644204175,83.48387083333347,-0.5142630210933641,-3.05410365854355
ITA,Italy,2022,106.875,94.4959419116709,102.591854206776,90.8772515855042,104.176695797258,3.8125303545410327,-2.7519252225980395,1.1335633316900573,-9.50465707027942,7.7353707429005825,31720.06,33616.607114809,3.15675,59013671.0,0.003369318973545447,314.5413531210199,337.37765625000003,-0.20208961220463673,-4.01461996674567
ITA,Italy,2023,108.25,91.1036845631899,105.116653737693,86.9187607908167,102.98332244526,1.2865497076023358,-3.5898444735879442,2.4610136452239306,-8.340389500423361,10.386752917615972,32450.375,37126.9846258196,4.28325,58984217.0,0.0033358628367160625,342.9744538181949,463.6618125,-0.04991046905046259,-1.3364601766527984
ITA,Italy,2024,111.7,92.4136214711872,108.466387768811,87.0429874654911,102.97614911439,3.1870669745958535,1.4378528313953254,3.186682520808648,-5.419136325148177,13.904428278129854,33148.002,38593.1448247868,3.70741666666667,58952700.0,0.0033697355273479227,345.5071157098192,414.1184416666671,-0.05343293783148795,-3.2404999124273415
ITA,Italy,2025,116.199999998344,94.7649040637544,112.607733945974,88.4699987414121,103.187536376121,4.028648163244397,2.5443030530951427,3.818091726249806,-1.6088060979305596,18.25340383004928,,,3.63502543290043,,,,422.3899552970103,,
NLD,Netherlands,2010,111.428,119.174761475429,85.8066107096693,120.108377086129,129.866965984287,,,,0.0,0.0,42635.779,21489.553039139,2.99008333333333,16615390.0,0.0026134857299077376,192.8559521766432,333.1790056666663,,
NLD,Netherlands,2011,109.21725,113.666185781922,87.2737806363108,115.361919803667,125.155943885674,-1.984016584700421,-4.622267018040338,1.7098565186378645,-1.984016584700421,1.7098565186378645,43398.162,21901.689341009,2.98858333333333,16693074.0,0.0025166330776865624,200.53324306379258,326.4048530624997,0.46754244107420906,2.45155902577463
NLD,Netherlands,2012,101.8855,104.913339169159,89.2903255354836,107.723595644223,114.137656092477,-6.712996344441935,-7.700484143592234,2.310596475218807,-8.563825968338302,4.059960878307645,44103.878,21740.2123023566,1.93225,16754963.0,0.002310125653803051,213.37886453280007,196.86825737499998,0.3707465742978089,7.083742918739744
NLD,Netherlands,2013,95.7715,96.7343104253243,92.6383053680846,100.926716389843,103.419750918983,-6.000853899720759,-7.795985533018923,3.7495437635855833,-14.050777183472729,7.961734651809826,45153.696,22054.233242533,1.96058333333333,16804430.0,0.002121011312119389,230.27970996103224,187.76800670833302,0.2952378945868084,6.296091794307568
NLD,Netherlands,2014,96.5565000000001,96.672593017267,96.8006651599666,99.0604506866071,99.7653771856872,0.8196592932136371,-0.0638009489972391,4.493130325887851,-13.34628639121217,12.812596091804853,45302.991,22359.9015599551,1.45466666666667,16865008.0,0.0021313493407090957,231.5732401231929,140.45752200000047,0.360488276008164,-0.45917101720547304
NLD,Netherlands,2015,100.0,100.0,100.0,100.0,100.0,3.566305738091069,3.4419341396363157,3.305075264458557,-10.255950030512972,16.54113730042863,45930.571,22710.0895280832,0.690333333333334,16939925.0,0.0021771991469472477,227.10089528083202,69.0333333333334,0.4442156208879444,-3.1220901172031246
NLD,Netherlands,2016,105.2935,104.545107009925,102.08119489594,102.10024535844,103.143496353247,5.293499999999995,4.545107009925009,2.0811948959400084,-5.50534874537818,18.966585501595578,46380.761,23802.729878455,0.291083333333334,17030314.0,0.0022701977658365715,226.06077182784313,30.649182958333405,0.5335855973388259,-4.7599144026611695
NLD,Netherlands,2017,113.79175,110.795142802464,103.916744804163,108.08714091667,109.499782699731,8.071011031070285,5.978314979337718,1.7981273731113134,2.1213249811537382,21.10575624035565,46678.463,24635.4730672024,0.522083333333333,17131295.0,0.0024377784247094853,216.49612618843108,59.40877614583329,0.5929485504495124,-7.478062480620772
NLD,Netherlands,2018,124.37875,118.648359893342,105.949444702528,112.841328904121,117.385353636267,9.30383793201177,7.08805177938121,1.9560850392261075,11.622527551423346,23.474687819814875,47173.182,26331.0589370117,0.576916666666667,17231622.0,0.002636641089846345,211.70062359536257,71.7561738541667,0.5856358202926293,-8.71820211171914
NLD,Netherlands,2019,133.38125,124.342882514197,108.544494572775,115.945414177599,122.877452711591,7.237972724440467,4.799495438431722,2.4493284297365303,19.70173564992641,26.498988452114,48060.149,27862.3332214236,-0.0701666666666667,17344876.0,0.0027752983037984337,208.89242844420488,-9.358917708333337,0.6572451508047195,-6.580727573635747
NLD,Netherlands,2020,144.0405,131.575181988253,111.501444424928,120.814786818369,129.171051452572,7.991565531137268,5.816416129190394,2.724182247834306,29.267778296298964,29.945051439216464,49746.284,29584.1274978051,-0.376833333333334,17441500.0,0.002895502707297695,205.38756459332686,-54.2792617500001,0.5570751846251332,-7.434490346512135
NLD,Netherlands,2021,164.89,144.358398202772,113.559994322,131.111736298075,145.214818614037,14.47474842145089,9.715522351061834,1.8462091748578047,47.97896399468715,32.34410890116097,50688.306,31805.6682416027,-0.328083333333334,17533048.0,0.0032530185561932172,192.89021918614048,-54.09766083333344,0.524886047644979,-13.94986237380591
NLD,Netherlands,2022,186.82025,152.24441071028,115.673494216325,138.605524255597,161.516495986125,13.299927224210073,5.462801337287604,1.8611306798168359,67.66005851312057,34.807205714850696,52094.041,36079.4412557661,1.37766666666667,17700981.0,0.003586211520814828,193.1238249374257,257.37603108333394,0.9578083628128953,-12.342118861397179
NLD,Netherlands,2023,183.25525,139.523551170835,118.52379407381,125.972814313659,154.620117617269,-1.9082513806720658,-8.355551103713555,2.4640907381552335,64.46068313170836,38.12897758523621,55542.405,39489.1074180507,2.792,17877121.0,0.0032993754951734624,215.48690920478785,511.64865799999995,0.9950860915561632,2.903337472228229
NLD,Netherlands,2024,198.1997500007,147.075722513056,122.93819385309,130.538402920214,161.189543325521,8.155018751550092,5.412829073547587,3.72448402768053,77.87248268002655,43.273569292996726,58248.347,41485.0536172713,2.6205,17994238.0,0.003402667375276761,209.3093135441633,519.3824448768343,0.6551222649329169,-7.499896486617175
POL,Poland,2010,105.61,113.421771170211,91.0350997758775,127.881225598757,116.011081451675,,,,0.0,0.0,40987.276,12695.8251924152,5.78166666666667,38516689.0,0.0025766533008926965,120.2142334287965,610.601816666667,,
POL,Poland,2011,105.695,108.570960702857,93.8326573458164,121.80854241059,112.653255851461,0.08048480257549784,-4.27678955927645,3.0730537746718634,0.0804848025754978,3.073053774671864,43134.99,13544.1788731878,5.95558333333333,38525670.0,0.002450330926238768,128.14398858212593,629.4753804166662,0.023317165190395173,-0.057167637385102665
POL,Poland,2012,102.005,101.681001818925,96.2360099059003,112.531942407202,106.005142560859,-3.4911774445337995,-6.346042108615779,2.5613178056190344,-3.4135025092320803,5.71308225379783,44040.513,14234.9986126888,4.99928333333334,38533789.0,0.0023161628476035235,139.55196914552033,509.9518964166673,0.02107426035680149,3.512251704890601
POL,Poland,2013,97.5350000000001,96.8113915567797,97.5712124392803,106.217302682692,99.9627846905622,-4.382138130483703,-4.789105314695041,1.3874250757960116,-7.646056244673705,7.179772065383894,44673.4,14704.2006045286,4.03329166666667,38502396.0,0.002183290280121954,150.75819556598745,393.387102708334,-0.08146875979416768,4.300669370689535
POL,Poland,2014,98.5000000000001,98.0693681616727,98.683877467097,101.166862020805,99.8121887472539,0.9893884246680695,1.2994096920455833,1.1403619981755764,-6.732317015434052,8.402009455748715,45534.57,15519.5031474106,3.51621117375,38483957.0,0.0021631916146347733,157.5584075879247,346.34680061437535,-0.04789052608570321,-1.0372789507537727
POL,Poland,2015,100.0,100.0,100.0,100.0,100.0,1.5228426395938133,1.968639009832862,1.333675334496065,-5.311996969983901,9.847740317958142,46444.097,15982.5752070321,2.70055645741667,38454576.0,0.0021531261550848967,159.825752070321,270.055645741667,-0.0763460992329823,-1.5991887388267956
POL,Poland,2016,101.8575,102.566470855073,101.303427532586,97.2781889622756,100.541134612021,1.8575000000000008,2.5664708550729998,1.30342753258601,-3.5531673137013557,11.27952600918598,48562.161,17082.5063265051,3.03568922308333,38426809.0,0.0020974663792247632,167.70985275021573,309.2077150402103,-0.07220727124906956,-1.9297072712490704
POL,Poland,2017,105.7825,104.561718553156,104.336202608405,95.8060000398352,101.379294977641,3.8534226738335287,1.9453215865273155,2.9937536662749675,0.1633368052267769,14.610960898899394,51491.822,17606.7892099064,3.42,38422346.0,0.0020543553498650717,166.44330782413348,361.77615,-0.011614287306549453,-3.865036961140078
POL,Poland,2018,112.7425,109.785283829448,108.367252709181,96.2993897290793,104.025731640287,6.579538203389035,4.99567657128408,3.863520043857971,6.753621816115896,19.0389783456866,55604.515,18647.8538872944,3.19833333333334,38413139.0,0.0020275781561982873,165.40216765899638,360.5880958333341,-0.02396261800359234,-6.603500821392627
POL,Poland,2019,122.5225,116.692094580869,113.695327842383,97.8362248493992,107.744275175419,8.674634676364267,6.291199066489428,4.9166837766946525,16.014108512451465,24.89174848195201,60356.358,20408.1096676147,2.3475,38386476.0,0.0020299849768934037,166.5662198177045,287.62156875,-0.06941114601438647,-8.744045822378654
POL,Poland,2020,135.3625,124.692938778737,119.862677996567,98.0508111122656,112.919917286784,10.479707808769835,6.8563720846773535,5.424453468073787,28.172048101505556,31.666443263819268,63506.366,22343.0342539779,1.49916666666667,38177724.0,0.0021314792283973548,165.0607387864283,202.93094791666715,-0.5438165253825344,-11.02352433415237
POL,Poland,2021,147.7725,128.971541561613,124.599453114986,103.807963908398,118.561214526379,9.167974882260598,3.4313112071792773,3.9518348810416715,39.92282927753055,36.86968369534582,66615.769,22219.5946144756,1.94416666666667,37989517.0,0.0022182810799647153,150.36352917136546,287.2943687500005,-0.4929759563456426,-9.66095083860624
POL,Poland,2022,165.205,126.485442435828,142.484728562118,103.097441980566,116.09810025163,11.796849887495986,-1.9276338761891387,14.35421665183927,56.4293154057381,56.516254623662896,72641.019,24797.5470345894,6.05333333333333,37827355.0,0.0022742660038951273,150.10167388753,1000.0409333333329,-0.4268598624194153,-12.2237097499154
POL,Poland,2023,179.78,125.593464137402,158.882253972056,98.5661452939922,113.098577495297,8.8223722042311,-0.7052023389004236,11.508268693363366,70.23009184736296,74.52856575454278,82486.246,27246.2356822282,5.80583333333333,37698294.0,0.0021795148733038477,151.55320771069196,1043.772716666666,-0.34118430960874413,-9.163556513839843
POL,Poland,2024,206.702499998641,139.593765910636,166.651829166296,102.752498888873,124.01902368399,14.975247523996549,11.14731715490973,4.890146633749626,95.72246946183223,83.06326853772006,91625.251,29833.0947721065,5.525,37563071.0,0.0022559556207779555,144.3286596548307,1142.0313124924917,-0.35869792940762535,-15.333945453404175
PRT,Portugal,2010,107.3575,113.455872836507,90.8615000000001,106.896251090405,118.163756027459,,,,0.0,0.0,16628.728,17535.81375057,5.39666666666667,10573100.0,0.006456146254842824,163.34036979782502,579.372641666667,,
PRT,Portugal,2011,102.0925,106.029197211291,91.7132100000001,104.008161165123,111.334110109699,-4.904175302144709,-6.545871482490851,0.9373717140923166,-4.904175302144709,0.9373717140923166,16522.14,17327.6995242788,10.2408333333333,10574536.0,0.006179132969457952,169.7254893775625,1045.51227708333,0.013581636416937215,4.917756938561646
PRT,Portugal,2012,94.8725,96.6815684777436,93.5516525000001,98.7585738796077,101.428473285548,-7.0720180228714185,-8.816089322000431,2.004555832251431,-11.629369163775236,2.9607176857084694,16082.945,17040.4593544815,10.5475,10531420.0,0.0058989507207790615,179.61431768406544,1000.66769375,-0.4077342022382857,6.664283820633132
PRT,Portugal,2013,93.0850000000001,94.0278127859916,94.7166775000001,97.3306493995,98.2792933024139,-1.8841076181189576,-2.744841373113327,1.245328082259145,-13.294366951540326,4.242916416744147,16515.054,17583.1346934177,6.29416666666667,10473991.0,0.005636372729995317,188.89332001308142,585.8925041666675,-0.5453110786579618,1.3387965394609957
PRT,Portugal,2014,97.0375,97.7815526887219,98.9102025000001,101.139849215742,98.110967747735,4.246119138421767,3.99215911921067,4.427440985775699,-9.61274247257994,8.858210022946999,16281.367,17595.6480656316,3.75333333333333,10419607.0,0.005960033945552606,181.3283325068309,364.21408333333295,-0.519229012131095,-4.765348150552862
PRT,Portugal,2015,100.0,100.0,100.0,100.0,100.0,3.0529434496972874,2.2687789775033718,1.1018049427205412,-6.853270614535544,10.057615161536935,16385.451,18153.8930443755,2.42333333333333,10381838.0,0.00610297513324473,181.53893044375502,242.33333333333297,-0.3624800820222873,-3.4154235317195747
PRT,Portugal,2016,107.115,105.978539383686,101.70465,103.629710800265,105.31439007331,7.115000000000005,5.978539383685999,1.7046499999999964,-0.2258808187597605,11.933712298388066,16553.046,19226.277773936,3.1725,10356516.0,0.0064710144586078,179.49192712445503,339.82233749999995,-0.2439067147840257,-7.35890671478403
PRT,Portugal,2017,117.015,113.936341727354,102.71635,110.459391074703,113.916200830114,9.24240302478645,7.508880939430096,0.9947431115489902,8.99564539040123,13.04716519097735,16882.113,19499.2925880965,3.0525,10340124.0,0.006931300602004026,166.63925640384994,357.1882875,-0.1582771657959059,-9.400680190582356
PRT,Portugal,2018,129.0325,123.621273631319,104.656925,116.702596703084,123.282076508155,10.270050848181867,8.500300919912561,1.889256189496602,20.18955359429941,15.18291575639834,17424.368,20932.5312141941,1.84,10334633.0,0.007405290108657026,162.2268127347304,237.4198,-0.05310381190786195,-10.32315466008973
PRT,Portugal,2019,141.8825,134.715209601523,107.970225,123.221325826745,131.39229091877,9.958731327378768,8.97413175283237,3.165867906017694,32.15890832033159,18.82945471954553,18253.987,22708.1291276948,0.757500000000002,10354446.0,0.007772685496050807,160.04883708487517,107.47599375000027,0.19171459692859383,-9.767016730450173
PRT,Portugal,2020,154.3275,145.906355993891,110.761675,136.622368055767,139.330692173374,8.771342484097744,8.307262725174503,2.585388703228131,43.75101879235264,21.90165801797226,18489.371,22161.783063019,0.416666666666666,10384846.0,0.008346822615004048,143.60229423154655,64.3031249999999,0.2935936891263813,-8.477748794971362
PRT,Portugal,2021,168.84,156.447491195277,112.7587,142.027848205677,149.715861151662,9.403703163726496,7.224589449569518,1.8029927770593979,57.26893789441818,24.09953610715196,19229.683,24159.1961141371,0.295,10407707.0,0.008780175939457764,143.0892923130603,49.8078,0.22013807426706222,-9.183565089459433
PRT,Portugal,2022,190.17,164.274209173545,115.786825,148.207582044813,164.218634190771,12.633262260127932,5.002776278782717,2.685491230388415,77.13713527233774,27.432218266262232,20419.349,27674.2212900668,2.17,10468869.0,0.009313225411838546,145.52359094529527,412.66889999999995,0.5876606633910875,-12.045601596736844
PRT,Portugal,2023,205.76,169.551491338976,121.053225,147.450027853492,169.959510126626,8.197928169532531,3.2124836832152504,4.548358589157275,91.65871038353164,33.22829251112942,22016.437,31168.9441720063,3.2375,10578174.0,0.00934574472699647,151.48203816099485,666.1479999999999,1.0440955942805363,-7.153832575251995
PRT,Portugal,2024,224.44,179.975718780963,129.5031,147.263891415701,173.251483310974,9.07853810264385,6.148118993035778,6.980297303107785,109.05851943273645,42.52802342026032,23177.059,33735.0603766938,2.9575,10701128.0,0.009683713537597673,150.3077008407316,663.7813,1.1623367133117624,-7.916201389332088
PRT,Portugal,2025,263.847499997919,206.377294364226,136.370575001098,166.744225769579,193.399279002615,17.558144714809742,14.669520845417306,5.302942555890944,145.7653168133749,50.08620262828352,,,2.98902543290043,,,,788.646887900976,,
ESP,Spain,2010,134.555163612092,141.910564879662,99.778837511058,134.732711407829,134.8552923008,,,,0.0,0.0,26348.233,18693.23349398,4.25000089878022,46562483.0,0.005106800278109428,138.92616969996462,571.8595662869105,,
ESP,Spain,2011,124.270189324527,128.082757227371,100.814094959295,123.830920400387,123.276350374739,-7.643686062628907,-9.744029744379334,1.0375521243392694,-7.643686062628907,1.0375521243392694,26486.723,18971.5836580861,5.43689422551768,46736257.0,0.004691791782793477,152.66399577570863,675.6438747425096,0.37320604229804655,8.016892104926953
ESP,Spain,2012,105.905235236912,106.990967610861,101.368494931575,111.267205988176,104.47627954534,-14.778245842738347,-16.467313846990418,0.5499230762363583,-21.292329187584837,1.593180939135341,26270.783,18114.2603496844,5.84653721741222,46749303.0,0.004031293442487497,171.04216150563715,619.1788993314021,0.02791408819924346,14.80615993093759
ESP,Spain,2013,96.2392594018517,96.2901261416492,101.17979494101,100.766365270109,95.1145968801356,-9.127004735353584,-10.001630705997588,-0.186152502996495,-28.47598202972048,1.404062689943375,26527.557,18779.5345832677,4.56196203886693,46581124.0,0.0036278975633471148,195.13382272459978,439.0398480399148,-0.35974653996445616,8.767258195389127
ESP,Spain,2014,96.5392586518536,96.4673296100213,100.484269975787,100.644130911275,96.0733927910014,0.31172231775937753,0.18403077810016377,-0.6874148792538115,-28.253025703148893,0.7069960748448567,26479.002,19232.8440161503,2.72183108211074,46433050.0,0.003645879805132142,199.22303407683168,262.7635548425433,-0.317884128343493,-0.6296064461028705
ESP,Spain,2015,100.0,100.0,100.0,100.0,100.0,3.584802075834004,3.6620381265448865,-0.4819361039331782,-25.68103867920729,0.2216527015736158,26850.434,20210.4243259149,1.73508728008262,46384379.0,0.003724334586174659,202.104243259149,173.508728008262,-0.104819735080941,-3.689621810914945
ESP,Spain,2016,104.622738443154,104.41964524351,99.9122350043881,102.072061369196,104.712373195074,4.622738443153995,4.419645243509995,-0.08776499561190532,-22.24546748367825,0.1336931724778889,26745.706,21291.8728491478,1.3933022201832,46427100.0,0.003911758337699293,203.5109495888084,145.7710937544927,0.09210212774435345,-4.530636315409642
ESP,Spain,2017,111.105222236944,109.233939247752,100.322344983883,105.329914436376,110.741535478981,6.19605631648823,4.610525148802136,0.4104702286730877,-17.427752860344803,0.5447121718217707,26801.724,22141.1356335517,1.55786583085954,46510461.0,0.00414545057761747,199.28078255703693,173.08702935299058,0.1795524596625686,-6.016503856825661
ESP,Spain,2018,118.580203549491,114.966255327424,101.590219920489,109.714170174686,116.714142604165,6.727839755907961,5.247742706294423,1.263801137034526,-11.87242438993652,1.8153973874773357,27114.07,22663.3314861856,1.41935226843459,46715383.0,0.004373382658873825,191.12238643380945,168.3070808994055,0.44059335382635734,-6.287246402081603
ESP,Spain,2019,124.71518821203,119.643245693051,103.155569842222,110.767785762284,120.895552030131,5.173700566282524,4.068141866765118,1.5408470647648276,-7.312967511547597,3.3842169496009378,27719.6,24582.9902204603,0.661018326902565,47087778.0,0.004499169836939566,197.11304270869095,82.43902505125457,0.7971571163186253,-4.376543449963899
ESP,Spain,2020,127.505181237047,122.256531782889,104.332444783377,116.652560518486,122.207924900406,2.2370916205279645,2.184232026388244,1.1408738693946097,-5.239473674432404,4.563700465857146,27622.004,23782.4678049223,0.379477636614593,47344852.0,0.0046160727960595106,186.52157954826887,48.38536483194994,0.5459463387718078,-1.6911452817561567
ESP,Spain,2021,132.195169512077,124.012172468693,104.95499475225,115.267263567303,125.94770546241,3.678272701962415,1.436030173767544,0.5966983426541894,-1.753923102363142,5.187630333554805,29251.649,26175.863403135,0.348750237624694,47346836.0,0.004519238197890211,198.00922756669746,46.10309678017356,0.004190529521563846,-3.6740821724408512
ESP,Spain,2022,141.978395054013,124.929032095416,106.36459468177,119.054834536955,133.476041917997,7.4005923045790345,0.7393303483611335,1.3430517840979483,5.516868504074179,6.600354679399967,30378.665,28726.1264569898,2.1985585456147,47781354.0,0.004673621933485654,202.32744880699272,312.1478137386601,0.9177339748742686,-6.482858329704766
ESP,Spain,2023,147.693630765923,123.597886859251,108.550244572488,113.613776569465,136.050757774962,4.0254263402088375,-1.0655211313478574,2.0548659986503903,9.76437232220071,8.79084912214767,31953.076,33453.2943583124,3.48650700012548,48320520.0,0.004622203845599184,226.50465145197717,514.9348775393385,1.128402514503879,-2.8970238257049585
ESP,Spain,2024,160.253599365661,129.985559108605,110.930494453475,115.697144846761,144.437446247478,8.504069223976263,5.168107976334624,2.1927632594116453,19.09881052774369,11.1763748913001,33043.823,35161.9297398487,3.15379553140097,48807137.0,0.004849729384086733,219.41429009414918,505.40708557034293,1.0070607683857702,-7.497008455590493
SWE,Sweden,2010,73.965,77.2214327202852,90.2533609746639,85.0871770489294,81.9567150773688,,,,0.0,0.0,352083.57,20769.7169821504,2.89167833333334,9378131.0,0.00021007796529670498,280.80466412695733,213.8829879250005,,
SWE,Sweden,2011,75.8724999999999,78.1298307936746,92.3447782655222,83.8058621591213,82.1785985225751,2.5789224633271157,1.1763548556264825,2.3172735821388457,2.578922463327116,2.3172735821388457,362324.55,21914.6965547192,2.60532583333334,9449216.0,0.0002094048001991582,288.83583056732317,197.67258428958357,0.7579868526042199,-1.8209356107228958
SWE,Sweden,2012,76.825,78.7431950680878,94.7257055274294,81.5868857107317,81.1094980129602,1.25539556492813,0.7850577278645021,2.5783019967422938,3.866693706482805,4.955321889919406,372050.69,22922.1348410911,1.59218833333334,9519379.0,0.00020649068007372868,298.36817235393556,122.31986870833384,0.7425272107230985,-0.5128683542050316
SWE,Sweden,2013,80.7849999999999,82.3362143700476,96.8633078136692,84.4559024205701,83.4042720142781,5.15457207940111,4.562958486575219,2.256623241112532,9.220577300074218,7.323768076471793,378665.13,23037.3689438621,2.11963166666667,9600374.0,0.00021334153477506603,285.16889204508425,171.2344441916667,0.8508433165650864,-4.303728762836023
SWE,Sweden,2014,88.4024999999999,89.3363140804686,98.5355551464445,90.4839900650667,89.7166043290943,9.429349507953223,8.501847897645764,1.726399160342651,19.519367268302435,9.1766047073921,386879.04,23345.8505617707,1.719355,9696105.0,0.00022850165260955959,264.0858636551085,151.99528038749983,0.9971590690112775,-8.432190438941944
SWE,Sweden,2015,100.0,100.0,100.0,100.0,100.0,13.118972879726364,11.936563568009095,1.4862095731627445,35.19908064625159,10.7991978582074,396607.08,23446.503804954,0.72015,9799183.0,0.00025213871623270065,234.46503804954003,72.015,1.0630866724318677,-12.055886207294495
SWE,Sweden,2016,108.2425,107.289787072262,100.880989911901,105.094832420196,107.304326941713,8.242499999999996,7.2897870722619995,0.8809899119009978,46.34286486851891,11.77532761380542,406316.95,24096.7451831218,0.5396695,9923086.0,0.00026639917433914583,222.61815075521903,58.41517585375001,1.2644217380163303,-6.978078261983666
SWE,Sweden,2017,115.4275,112.468893625438,101.742389825761,109.287014883074,113.464678206499,6.637873293761687,4.827213003682962,0.8538773406290501,56.05691881295205,12.729751808713583,415860.17,24320.3505916693,0.656855,10057695.0,0.0002775632492046545,210.69806234796127,75.8191305125,1.3565235653505425,-5.281349728411144
SWE,Sweden,2018,114.35,108.702429580007,102.824089717591,105.035371926839,111.221103218885,-0.9334863875592903,-3.3488940132857303,1.0631752347104007,54.60014871898871,13.928266612094342,428099.46,25110.7219262903,0.651104166666667,10175215.0,0.00026711082513395366,219.59529450188285,74.45376145833337,1.1684585782328893,2.1019449657921796
SWE,Sweden,2019,117.1875,109.15834966467,104.649939535006,104.136879032341,111.988843891912,2.481416703104511,0.4194203261367102,1.7757023888368417,58.43642263232609,15.951293563885692,441601.19,26452.0793485664,0.0934825166666668,10278888.0,0.00026536952946163935,225.72441044109993,10.954982421875016,1.0188777337874377,-1.4625389693170732
SWE,Sweden,2020,122.11,112.747417031734,106.569989343001,108.956241007726,114.58774323983,4.200533333333323,3.287945794425684,1.834735706992685,65.09159737713783,18.07869334962222,451340.96,26668.6472773817,-0.0380022333333333,10353444.0,0.0002705493425635466,218.39855275883795,-4.64045271233333,0.7253313782580317,-3.475201955075291
SWE,Sweden,2021,134.4625,121.478794992325,108.123189187681,113.138762427693,124.359167188464,10.115879125378768,7.744193339820327,1.4574458102655452,81.79206381396607,19.79962631866259,470494.93,28715.6529726117,0.267881333333334,10415812.0,0.0002857894770513255,213.5588210289984,36.019993783333426,0.6023889248833569,-9.513490200495411
SWE,Sweden,2022,139.25,118.001271584737,110.058338994166,109.584626025104,126.556102936477,3.5604722506275,-2.862658793913553,1.7897638989596842,88.26471979990535,21.94375678160261,488800.45,32100.8629634378,1.52373666666667,10486941.0,0.00028488107979442325,230.52684354353897,212.1803308333338,0.682894430122194,-2.877577820505306
SWE,Sweden,2023,131.93,104.629549947558,113.766963623304,98.8441032800598,116.002231116638,-5.256732495511662,-11.331845375561677,3.369689805453624,78.36814709659974,26.052883122259416,506941.94,34234.2463043398,2.50933416666667,10536631.0,0.0002602467651423751,259.4879580409293,331.0564566083338,0.4738274011458543,5.730559896657517
SWE,Sweden,2024,132.017500000087,102.028341410685,119.156688084331,95.4945070927592,110.812998621857,0.066323050168271,-2.486112707334376,4.737512797540266,78.48644629228285,32.024654591844936,529659.0,35146.5605772367,2.20027,10569710.0,0.00024924998914412294,266.226527371095,290.4741447251915,0.3139428532706434,0.24761980310237242
